﻿이름,날짜,생성일,태그
학습지 & 일기장 바로가기,,2023년 6월 5일 오후 7:26,
4/2/1기  가비님,,2023년 4월 26일 오후 4:56,
4기 문지훈 님,,2023년 7월 4일 오후 10:18,
4기 윤다애 님,,2023년 7월 4일 오후 10:16,
4/3기 송예나님,,2023년 6월 5일 오후 7:15,
4기 이수민 님,,2023년 7월 4일 오후 10:20,
3/2기 Carla 님 🔥,,2023년 5월 7일 오전 12:03,
"3기 송성은 님 ",,2023년 6월 5일 오후 7:02,
3/2기 김 민귀님 🔥,,2023년 5월 7일 오전 12:04,
3/2기 하유미님,,2023년 5월 7일 오전 12:03,
민영님,,2023년 4월 26일 오후 4:56,